"Key","Title","Description","CategoryGroupID"
"WP1925","Aadorp",,1
"WP2774","Aagtekerke",,1
"WP2145","Aalden",,1
"WP2571","Aalsmeer",,1
"WP1600","Aalsmeerderbrug",,1
"WP2626","Aalst",,1
"WP3387","Aalsum",,1
"WP1193","Aalten",,1
"WP2673","Ter Aar",,1
"WP2394","Ter Aard",,1
"WP2961","Aardenburg",,1
"WP1079","Aarlanderveen",,1
"WP1445","Aarle-Rixtel",,1
"WP2788","Aartswoud",,1
"WP2400","Abbega",,1
"WP3147","Abbekerk",,1
"WP1385","Abbenbroek",,1
"WP1608","Abbenes",,1
"WP1332","Abcoude",,1
"WP1364","Achlum",,1
"WP1063","Achterveld",,1
"WP2640","Achterveld",,1
"WP2131","Achthuizen",,1
"WP3493","Achtmaal",,1
"WP3527","Acquoy",,1
"WP2464","Adorp",,1
"WP2114","Aduard",,1
"WP2652","Aerdenhout",,1
"WP2976","Aerdt",,1
"WP2902","Afferden",,1
"WP1122","Afferden L",,1
"WP1407","Agelo",,1
"WP2267","Akersloot",,1
"WP2525","Akkrum",,1
"WP2484","Akmarijp",,1
"WP1283","Albergen",,1
"WP2386","Alblasserdam",,1
"WP3224","Alde Leie",,1
"WP2532","Aldeboarn",,1
"WP2441","Aldtsjerk",,1
"WP1623","Alem",,1
"WP2348","Alkmaar",,1
"WP2301","Allingawier",,1
"WP1924","Almelo",,1
"WP1334","Almen",,1
"WP1270","Almere",,1
"WP3300","Almkerk",,1
"WP1766","Alphen",,1
"WP3432","Alphen",,1
"WP1080","Alphen aan den Rijn",,1
"WP1633","Alteveer",,1
"WP3079","Alteveer",,1
"WP3160","Alteveer",,1
"WP1810","Alteveer gem Hoogeveen",,1
"WP1767","Altforst",,1
"WP1438","Ambt Delden",,1
"WP2106","Ameide",,1
"WP1147","Amen",,1
"WP1026","America",,1
"WP3337","Amerongen",,1
"WP1664","Amersfoort",,1
"WP2367","Ammerstol",,1
"WP1624","Ammerzoden",,1
"WP3547","Amstelhoek",,1
"WP1050","Amstelveen",,1
"WP2099","Amstenrade",,1
"WP3594","Amsterdam",,1
"WP3569","Amsterdam-Duivendrecht",,1
"WP3301","Andel",,1
"WP2466","Den Andel",,1
"WP1862","Andelst",,1
"WP1148","Anderen",,1
"WP1053","Andijk",,1
"WP1537","Ane",,1
"WP1538","Anerveen",,1
"WP1539","Anevelde",,1
"WP3133","Angeren",,1
"WP1299","Angerlo",,1
"WP3388","Anjum",,1
"WP2999","Ankeveen",,1
"WP1149","Anloo",,1
"WP3185","Anna Paulowna",,1
"WP1150","Annen",,1
"WP1151","Annerveenschekanaal",,1
"WP3104","Ansen",,1
"WP3161","Ansen",,1
"WP2296","Ter Apel",,1
"WP3560","Apeldoorn",,1
"WP2297","Ter Apelkanaal",,1
"WP1753","Appelscha",,1
"WP1768","Appeltern",,1
"WP3386","Appingedam",,1
"WP3140","Arcen",,1
"WP1432","Arkel",,1
"WP1008","Arnemuiden",,1
"WP1296","Arnhem",,1
"WP3630","Arriën",,1
"WP2302","Arum",,1
"WP3370","Asch",,1
"WP2353","Asperen",,1
"WP2391","Assen",,1
"WP1878","Assendelft",,1
"WP2928","Asten",,1
"WP3307","Augsbuurt",,1
"WP3173","Augustinusga",,1
"WP2824","Austerlitz",,1
"WP1183","Avenhorn",,1
"WP1128","Axel",,1
"WP2202","Azewijn",,1
"WP2621","Baaiduinen",,2
"WP2008","Baaium",,2
"WP1527","Baak",,2
"WP1333","Baambrugge",,2
"WP2009","Baard",,2
"WP1251","Baarland",,2
"WP2883","Baarle-Nassau",,2
"WP2602","Baarlo",,2
"WP2691","Baarlo",,2
"WP1092","Baarn",,2
"WP2692","Baars",,2
"WP1298","Babberich",,2
"WP1951","Babyloniënbroek",,2
"WP1420","Bad Nieuweschans",,2
"WP1617","Badhoevedorp",,2
"WP2940","Baexem",,2
"WP2465","Baflo",,2
"WP2090","Bakel",,2
"WP1673","Bakhuizen",,2
"WP3342","Bakkeveen",,2
"WP2570","Balgoij",,2
"WP3005","Balinge",,2
"WP1674","Balk",,2
"WP1540","Balkbrug",,2
"WP1153","Balloërveld",,2
"WP1152","Balloo",,2
"WP2587","Ballum",,2
"WP3067","Baneheide",,2
"WP1690","Banholt",,2
"WP1272","Bant",,2
"WP2239","Bantega",,2
"WP1335","Barchem",,2
"WP1594","Barendrecht",,2
"WP1987","Barger-Compascuum",,2
"WP3597","Barneveld",,2
"WP2514","Barsingerhorn",,2
"WP2693","Basse",,2
"WP2568","Batenburg",,2
"WP2854","Bathmen",,2
"WP3624","Bavel",,2
"WP3437","Bavel AC",,2
"WP2010","Bears",,2
"WP2829","Bedum",,2
"WP1918","Beegden",,2
"WP2203","Beek",,2
"WP1670","Beek",,2
"WP2872","Beek",,2
"WP1446","Beek en Donk",,2
"WP2258","Beekbergen",,2
"WP2254","Beemte Broekland",,2
"WP1449","Beers NB",,2
"WP3508","Beerta",,2
"WP2548","Beerze",,2
"WP2549","Beerzerveld",,2
"WP3213","Beesd",,2
"WP1950","Beesel",,2
"WP1837","Beets",,2
"WP3343","Beetsterzwaag",,2
"WP3006","Beilen",,2
"WP1610","Beinsdorp",,2
"WP1476","Belfeld",,2
"WP2231","Bellingwolde",,2
"WP1661","Beltrum",,2
"WP2694","Belt-Schutsloot",,2
"WP1691","Bemelen",,2
"WP3131","Bemmel",,2
"WP1769","Beneden-Leeuwen",,2
"WP3533","Bennebroek",,2
"WP2766","Bennekom",,2
"WP2146","Benneveld",,2
"WP3148","Benningbroek",,2
"WP1958","Benschop",,2
"WP1439","Bentelo",,2
"WP2853","Benthuizen",,2
"WP1306","Bentveld",,2
"WP3618","Berg en Dal",,2
"WP1716","Berg en Terblijt",,2
"WP2365","Bergambacht",,2
"WP1457","Bergeijk",,2
"WP3047","Bergen (NH)",,2
"WP3046","Bergen aan Zee",,2
"WP1121","Bergen L",,2
"WP1937","Bergen op Zoom",,2
"WP1541","Bergentheim",,2
"WP2565","Bergharen",,2
"WP3250","Berghem",,2
"WP1688","Bergschenhoek",,2
"WP3438","Beringe",,2
"WP1687","Berkel en Rodenrijs",,2
"WP1044","Berkel-Enschot",,2
"WP2366","Berkenwoude",,2
"WP1184","Berkhout",,2
"WP2057","Berlicum",,2
"WP2724","Berltsum",,2
"WP2627","Bern",,2
"WP1456","Best",,2
"WP1214","Beugen",,2
"WP1711","Beuningen",,2
"WP2751","Beuningen Gld",,2
"WP3371","Beusichem",,2
"WP1230","Beutenaken",,2
"WP2735","Beverwijk",,2
"WP2429","Biddinghuizen",,2
"WP3232","Bierum",,2
"WP2975","Biervliet",,2
"WP1129","Biervliet",,2
"WP1309","Biest-Houtakker",,2
"WP1425","Biezenmortel",,2
"WP2775","Biggekerke",,2
"WP2934","De Bilt",,2
"WP2935","Bilthoven",,2
"WP2845","Bingelrade",,2
"WP2722","Bitgum",,2
"WP2723","Bitgummole",,2
"WP1064","Bladel",,2
"WP2695","Blankenham",,2
"WP2828","Blaricum",,2
"WP3509","Blauwestad",,2
"WP2401","Blauwhuis",,2
"WP1689","Bleiswijk",,2
"WP1720","Blesdijke",,2
"WP1980","Bleskensgraaf ca",,2
"WP1722","De Blesse",,2
"WP2725","Blessum",,2
"WP3199","Blije",,2
"WP2232","Blijham",,2
"WP1856","Blitterswijck",,2
"WP2654","Bloemendaal",,2
"WP3613","Blokker",,2
"WP2696","Blokzijl",,2
"WP2011","Boazum",,2
"WP3066","Bocholtz",,2
"WP2665","Bodegraven",,2
"WP3138","Boekel",,2
"WP3174","Boelenslaan",,2
"WP1371","Boer",,2
"WP1829","Ten Boer",,2
"WP2259","Boerakker",,2
"WP1615","Boesingheliede",,2
"WP1721","Boijl",,2
"WP2726","Boksum",,2
"WP2079","Bolsward",,2
"WP2132","Den Bommel",,2
"WP2193","Bontebok",,2
"WP3275","Boornbergum",,2
"WP2485","Boornzwaag",,2
"WP1659","Borculo",,2
"WP1782","Borger",,2
"WP2275","Borgercompagnie",,2
"WP1242","Borgercompagnie",,2
"WP3233","Borgsweer",,2
"WP2808","Born",,2
"WP3511","Borne",,2
"WP1926","Bornerbroek",,2
"WP3389","Bornwird",,2
"WP1252","Borssele",,2
"WP2823","Bosch en Duin",,2
"WP3105","Boschoord",,2
"WP2998","Boskoop",,2
"WP1249","Bosschenhoofd",,2
"WP3080","Botlek Rotterdam",,2
"WP2294","Bourtange",,2
"WP1102","Bovenkarspel",,2
"WP1770","Boven-Leeuwen",,2
"WP3007","Bovensmilde",,2
"WP1215","Boxmeer",,2
"WP2439","Boxtel",,2
"WP2204","Braamt",,2
"WP2628","Brakel",,2
"WP1981","Brandwijk",,2
"WP3390","Brantgum",,2
"WP3622","Breda",,2
"WP1194","Bredevoort",,2
"WP1587","Breedenbroek",,2
"WP3186","Breezand",,2
"WP2303","Breezanddijk",,2
"WP2965","Breskens",,2
"WP1392","Breukelen",,2
"WP3004","Breukeleveen",,2
"WP2368","Brielle",,2
"WP2115","Briltil",,2
"WP3225","Britsum",,2
"WP2012","Britswert",,2
"WP2486","Broek",,2
"WP1940","Broek in Waterland",,2
"WP1116","Broek op Langedijk",,2
"WP1027","Broekhuizen",,2
"WP1086","Broekhuizen",,2
"WP1028","Broekhuizenvorst",,2
"WP1497","Broekland",,2
"WP3265","Broeksterwâld",,2
"WP1530","Bronkhorst",,2
"WP1783","Bronneger",,2
"WP1784","Bronnegerveen",,2
"WP2674","Brouwershaven",,2
"WP2629","Bruchem",,2
"WP1542","Brucht",,2
"WP3609","Bruchterveld",,2
"WP3320","Bruinehaar",,2
"WP2675","Bruinisse",,2
"WP1111","Brummen",,2
"WP2849","Brunssum",,2
"WP3008","Bruntinge",,2
"WP2809","Buchten",,2
"WP1571","Budel",,2
"WP1573","Budel-Dorplein",,2
"WP1572","Budel-Schoot",,2
"WP2941","Buggenum",,2
"WP1785","Buinen",,2
"WP1786","Buinerveen",,2
"WP1607","Buitenkaag",,2
"WP3175","Buitenpost",,2
"WP2697","De Bult",,2
"WP1461","Bunde",,2
"WP2914","Bunne",,2
"WP2603","Bunnik",,2
"WP2237","Bunschoten-Spakenburg",,2
"WP3200","Burdaard",,2
"WP2589","Buren",,2
"WP3372","Buren",,2
"WP2740","Den Burg",,2
"WP2762","Burgerbrug",,2
"WP1603","Burgerveen",,2
"WP2676","Burgh-Haamstede",,2
"WP2451","Burgum",,2
"WP2304","Burgwerd",,2
"WP3308","Burum",,2
"WP1331","Bussum",,2
"WP3532","Buurmalsen",,2
"WP3373","Buurmalsen",,2
"WP1692","Cadier en Keer",,3
"WP2964","Cadzand",,3
"WP2757","Callantsoog",,3
"WP1105","Capelle aan den IJssel",,3
"WP2885","Castelre",,3
"WP2328","Castenray",,3
"WP1067","Casteren",,3
"WP2268","Castricum",,3
"WP3433","Chaam",,3
"WP3092","Clinge",,3
"WP2737","De Cocksdorp",,3
"WP2147","Coevorden",,3
"WP3190","Colijnsplaat",,3
"WP1544","Collendoorn",,3
"WP2855","Colmschate",,3
"WP2305","Cornwerd",,3
"WP1304","Cothen",,3
"WP1281","Creil",,3
"WP1620","Cromvoirt",,3
"WP1612","Cruquius",,3
"WP1450","Cuijk",,3
"WP2052","Culemborg",,3
"WP1038","Daarle",,4
"WP1039","Daarlerveen",,4
"WP2300","Dalem",,4
"WP2148","Dalen",,4
"WP2149","Dalerpeel",,4
"WP2150","Dalerveen",,4
"WP1237","Dalfsen",,4
"WP2550","Dalmsholte",,4
"WP3266","Damwâld",,4
"WP3106","Darp",,4
"WP2526","Dearsum",,4
"WP1546","Dedemsvaart",,4
"WP2306","Dedgum",,4
"WP2773","Deelen",,4
"WP2903","Deest",,4
"WP3217","Deil",,4
"WP2727","Deinum",,4
"WP1440","Delden",,4
"WP1143","Delfgauw",,4
"WP2240","Delfstrahuizen",,4
"WP2138","Delft",,4
"WP3234","Delfzijl",,4
"WP2630","Delwijnen",,4
"WP3260","Demen",,4
"WP1408","Denekamp",,4
"WP1774","Deurne",,4
"WP1409","Deurningen",,4
"WP1669","Deurningen",,4
"WP3256","Deursen-Dennenburg",,4
"WP1154","Deurze",,4
"WP2856","Deventer",,4
"WP2205","Didam",,4
"WP3259","Dieden",,4
"WP2144","Diemen",,4
"WP1441","Diepenheim",,4
"WP2857","Diepenveen",,4
"WP1504","Dieren",,4
"WP1308","Diessen",,4
"WP3107","Diever",,4
"WP3108","Dieverbrug",,4
"WP1548","Diffelen",,4
"WP2487","Dijken",,4
"WP1402","Dinteloord",,4
"WP1196","Dinxperlo",,4
"WP2152","Diphoorn",,4
"WP3289","Dirkshorn",,4
"WP2377","Dirksland",,4
"WP1094","Dodewaard",,4
"WP2100","Doenrade",,4
"WP2142","Doesburg",,4
"WP3246","Doetinchem",,4
"WP3514","Doeveren",,4
"WP2174","Doezum",,4
"WP3391","Dokkum",,4
"WP2822","Den Dolder",,4
"WP3109","Doldersum",,4
"WP2776","Domburg",,4
"WP2916","Donderen",,4
"WP2799","Dongen",,4
"WP1372","Dongjum",,4
"WP2488","Doniaga",,4
"WP1754","Donkerbroek",,4
"WP3339","Doorn",,4
"WP3134","Doornenburg",,4
"WP1846","Doornspijk",,4
"WP2986","Doorwerth",,4
"WP2351","Dordrecht",,4
"WP2959","Dorst",,4
"WP3279","Drachten",,4
"WP3344","Drachten-Azeven",,4
"WP3280","Drachtstercompagnie",,4
"WP2677","Dreischor",,4
"WP1520","Drempt",,4
"WP1771","Dreumel",,4
"WP3335","Driebergen-Rijsenburg",,4
"WP1422","Drieborg",,4
"WP2477","Driebruggen",,4
"WP2836","Driehuis NH",,4
"WP1886","Driehuizen",,4
"WP1863","Driel",,4
"WP1253","Driewegen",,4
"WP3268","Driezum",,4
"WP3009","Drijber",,4
"WP2574","Drimmelen",,4
"WP3176","Drogeham",,4
"WP3163","Drogteropslagen",,4
"WP1952","Drongelen",,4
"WP2729","Dronryp",,4
"WP2430","Dronten",,4
"WP1787","Drouwen",,4
"WP1788","Drouwenermond",,4
"WP1789","Drouwenerveen",,4
"WP3589","Drunen",,4
"WP2904","Druten",,4
"WP2096","Duiven",,4
"WP3568","Duivendrecht",,4
"WP2992","Duizel",,4
"WP2058","Den Dungen",,4
"WP2214","Dussen",,4
"WP3110","Dwingeloo",,4
"WP2524","Eagum",,5
"WP2456","Earnewâld",,5
"WP2013","Easterein",,5
"WP2014","Easterlittens",,5
"WP2454","Eastermar",,5
"WP2015","Easterwierrum",,5
"WP2041","Echt",,5
"WP3524","Echteld",,5
"WP3164","Echten",,5
"WP2241","Echten",,5
"WP2242","Echtenerbrug",,5
"WP3374","Eck en Wiel",,5
"WP1693","Eckelrade",,5
"WP1747","Edam",,5
"WP2764","Ede",,5
"WP2769","Ederveen",,5
"WP3392","Ee",,5
"WP2966","Eede",,5
"WP1336","Eefde",,5
"WP2909","Eelde",,5
"WP2911","Eelderwolde",,5
"WP2238","Eemdijk",,5
"WP1037","Eemnes",,5
"WP3473","Eemshaven",,5
"WP1634","Een",,5
"WP3415","Eenrum",,5
"WP3444","Eenum",,5
"WP1635","Een-West",,5
"WP1114","Eerbeek",,5
"WP2993","Eersel",,5
"WP1790","Ees",,5
"WP1791","Eesergroen",,5
"WP1792","Eeserveen",,5
"WP2243","Eesterga",,5
"WP2699","Eesveen",,5
"WP1953","Eethen",,5
"WP1155","Eext",,5
"WP1156","Eexterveen",,5
"WP1157","Eexterveenschekanaal",,5
"WP1158","Eexterzandvoort",,5
"WP3439","Egchel",,5
"WP3048","Egmond aan den Hoef",,5
"WP3049","Egmond aan Zee",,5
"WP3050","Egmond-Binnen",,5
"WP1662","Eibergen",,5
"WP1700","Eijsden",,5
"WP1101","Eindhoven",,5
"WP2810","Einighausen",,5
"WP1159","Ekehaar",,5
"WP1675","Elahuizen",,5
"WP1844","Elburg",,5
"WP1160","Eldersloo",,5
"WP1161","Eleveld",,5
"WP1811","Elim",,5
"WP1235","Elkenrade",,5
"WP2942","Ell",,5
"WP1503","Ellecom",,5
"WP2678","Ellemeet",,5
"WP1793","Ellertshaar",,5
"WP1254","Ellewoutsdijk",,5
"WP3010","Elp",,5
"WP2095","Elsendorp",,5
"WP3590","Elshout",,5
"WP1914","Elsloo",,5
"WP1755","Elsloo",,5
"WP2983","Elspeet",,5
"WP1864","Elst",,5
"WP1400","Elst Ut",,5
"WP1271","Emmeloord",,5
"WP1988","Emmen",,5
"WP1989","Emmer-Compascuum",,5
"WP1109","Empe",,5
"WP1346","Emst",,5
"WP3393","Engwierum",,5
"WP2754","Enkhuizen",,5
"WP1276","Ens",,5
"WP1145","Enschede",,5
"WP3216","Enspijk",,5
"WP1088","Enter",,5
"WP2340","Enumatil",,5
"WP1344","Epe",,5
"WP1232","Epen",,5
"WP3474","Eppenhuizen",,5
"WP1337","Epse",,5
"WP1990","Erica",,5
"WP3375","Erichem",,5
"WP2874","Erlecom",,5
"WP2153","Erm",,5
"WP2573","Ermelo",,5
"WP2826","Erp",,5
"WP1311","Esbeek",,5
"WP1426","Esch",,5
"WP3195","Escharen",,5
"WP1280","Espel",,5
"WP3359","Est",,5
"WP1581","Etten",,5
"WP1010","Etten-Leur",,5
"WP3081","Europoort Rotterdam",,5
"WP3011","Eursinge",,5
"WP3165","Eursinge",,5
"WP2840","Everdingen",,5
"WP1517","Evertsoord",,5
"WP2752","Ewijk",,5
"WP1779","1e Exloërmond",,5
"WP1780","2e Exloërmond",,5
"WP1794","Exloërveen",,5
"WP1795","Exloo",,5
"WP2307","Exmorra",,5
"WP2650","Eygelshoven",,5
"WP1234","Eys",,5
"WP2467","Ezinge",,5
"WP3267","De Falom",,6
"WP3235","Farmsum",,6
"WP3271","Feanwâlden",,6
"WP2468","Feerwerd",,6
"WP3226","Feinsum",,6
"WP3201","Ferwert",,6
"WP2308","Ferwoude",,6
"WP1321","Fijnaart",,6
"WP1419","Finsterwolde",,6
"WP1378","Firdgum",,6
"WP1284","Fleringen",,6
"WP1812","Fluitenberg",,6
"WP1756","Fochteloo",,6
"WP2244","Follega",,6
"WP2402","Folsgare",,6
"WP2617","Formerum",,6
"WP3394","Foudgum",,6
"WP1017","Foxhol",,6
"WP1636","Foxwolde",,6
"WP1366","Franeker",,6
"WP3111","Frederiksoord",,6
"WP2527","Friens",,6
"WP3345","Frieschepalen",,6
"WP1348","Froombosch",,6
"WP3247","Gaanderen",,7
"WP2309","Gaast",,7
"WP2403","Gaastmeer",,7
"WP3434","Galder",,7
"WP2631","Gameren",,7
"WP2777","Gapinge",,7
"WP1057","Garderen",,7
"WP1831","Garmerwolde",,7
"WP3012","Garminge",,7
"WP2469","Garnwerd",,7
"WP3445","Garrelsweer",,7
"WP3446","Garsthuizen",,7
"WP2455","Garyp",,7
"WP3196","Gassel",,7
"WP1162","Gasselte",,7
"WP1163","Gasselternijveen",,7
"WP1164","Gasselternijveenschemond",,7
"WP1570","Gastel",,7
"WP1165","Gasteren",,7
"WP2404","Gauw",,7
"WP1166","Geelbroek",,7
"WP3322","Geerdijk",,7
"WP3193","Geersdijk",,7
"WP1751","Geertruidenberg",,7
"WP1386","Geervliet",,7
"WP2154","Gees",,7
"WP2155","Geesbrug",,7
"WP1655","Geesteren",,7
"WP1285","Geesteren",,7
"WP3112","Geeuwenbrug",,7
"WP3610","Geffen",,7
"WP1857","Geijsteren",,7
"WP3529","Geldermalsen",,7
"WP2645","Gelderswoude",,7
"WP1126","Geldrop",,7
"WP3513","Geleen",,7
"WP3214","Gellicum",,7
"WP1654","Gelselaar",,7
"WP2089","Gemert",,7
"WP2059","Gemonde",,7
"WP1954","Genderen",,7
"WP1585","Gendringen",,7
"WP3132","Gendt",,7
"WP2198","Genemuiden",,7
"WP2482","Gennep",,7
"WP3177","Gerkesklooster",,7
"WP2185","Gersloot",,7
"WP1462","Geulle",,7
"WP1300","Giesbeek",,7
"WP3302","Giessen",,7
"WP1433","Giessenburg",,7
"WP1167","Gieten",,7
"WP1168","Gieterveen",,7
"WP2551","Giethmen",,7
"WP2700","Giethoorn",,7
"WP2067","Gilze",,7
"WP3202","Ginnum",,7
"WP1712","Glane",,7
"WP1267","Glimmen",,7
"WP1061","De Glind",,7
"WP3236","Godlinze",,7
"WP2931","Goedereede",,7
"WP2405","Goënga",,7
"WP3281","Goëngahuizen",,7
"WP1824","Goes",,7
"WP2489","Goingarijp",,7
"WP2880","Goirle",,7
"WP1442","Goor",,7
"WP1185","De Goorn",,7
"WP2299","Gorinchem",,7
"WP3346","Gorredijk",,7
"WP1338","Gorssel",,7
"WP1005","Gouda",,7
"WP2374","Gouderak",,7
"WP3627","Goudriaan",,7
"WP2886","Goudswaard",,7
"WP3616","Goutum",,7
"WP2054","'t Goy",,7
"WP3094","Graauw",,7
"WP2896","Grafhorst",,7
"WP1903","Graft",,7
"WP1549","Gramsbergen",,7
"WP3440","Grashoek",,7
"WP2943","Grathem",,7
"WP3197","Grave",,7
"WP3000","'s-Graveland",,7
"WP2380","'s-Gravendeel",,7
"WP1245","'s-Gravenhage",,7
"WP2800","'s Gravenmoer",,7
"WP1263","'s-Gravenpolder",,7
"WP2662","'s-Gravenzande",,7
"WP2406","Greonterp",,7
"WP2812","Grevenbicht",,7
"WP1029","Griendtsveen",,7
"WP2118","Grijpskerk",,7
"WP2778","Grijpskerke",,7
"WP2967","Groede",,7
"WP2937","Groenekan",,7
"WP1216","Groeningen",,7
"WP2224","Groenlo",,7
"WP2291","Groesbeek",,7
"WP2097","Groessen",,7
"WP3044","Groet",,7
"WP2924","De Groeve",,7
"WP1169","Grolloo",,7
"WP1070","Groningen",,7
"WP1701","Gronsveld",,7
"WP1806","Groot-Ammers",,7
"WP1103","Grootebroek",,7
"WP2175","Grootegast",,7
"WP1887","Grootschermer",,7
"WP3602","Grou",,7
"WP1030","Grubbenvorst",,7
"WP1225","Gulpen",,7
"WP2813","Guttecoven",,7
"WP2444","Gytsjerk",,7
"WP3360","Haaften",,8
"WP2347","Haaksbergen",,8
"WP3136","Haalderen",,8
"WP2164","'t Haantje",,8
"WP1427","Haaren",,8
"WP1286","Haarle",,8
"WP1040","Haarle",,8
"WP2907","Haarlem",,8
"WP2641","Haarlemmerliede",,8
"WP1660","Haarlo",,8
"WP3500","Haarsteeg",,8
"WP3298","Haarzuilens",,8
"WP2387","Haastrecht",,8
"WP2944","Haelen",,8
"WP3625","Hagestein",,8
"WP1310","Haghorst",,8
"WP2945","Haler",,8
"WP2643","Halfweg",,8
"WP1113","Hall",,8
"WP3575","Halle",,8
"WP3203","Hallum",,8
"WP1938","Halsteren",,8
"WP3321","Den Ham",,8
"WP2116","Den Ham",,8
"WP2092","Handel",,8
"WP2215","Hank",,8
"WP3461","Hansweert",,8
"WP3395","Hantum",,8
"WP3396","Hantumeruitburen",,8
"WP3397","Hantumhuizen",,8
"WP1065","Hapert",,8
"WP1451","Haps",,8
"WP1287","Harbrinkhoek",,8
"WP1845","'t Harde",,8
"WP3608","Hardenberg",,8
"WP3222","Harderwijk",,8
"WP3031","Hardinxveld-Giessendam",,8
"WP3253","Haren",,8
"WP1266","Haren Gn",,8
"WP1339","Harfsen",,8
"WP1676","Harich",,8
"WP2515","Haringhuizen",,8
"WP3178","Harkema",,8
"WP1349","Harkstede",,8
"WP3635","Harkstede GN",,8
"WP2891","Harlingen",,8
"WP1072","Harmelen",,8
"WP2228","Harreveld",,8
"WP2768","Harskamp",,8
"WP2310","Hartwerd",,8
"WP2490","Haskerdijken",,8
"WP2491","Haskerhorne",,8
"WP2199","Hasselt",,8
"WP2882","Hattem",,8
"WP3069","Hattemerbroek",,8
"WP3576","Haule",,8
"WP3577","Haulerwijk",,8
"WP3566","Hauwert",,8
"WP3113","Havelte",,8
"WP3114","Havelterberg",,8
"WP2852","Hazerswoude-Dorp",,8
"WP2851","Hazerswoude-Rijndijk",,8
"WP1625","Hedel",,8
"WP3515","Hedikhuizen",,8
"WP2623","Hee",,8
"WP2407","Heeg",,8
"WP1917","Heel",,8
"WP2987","Heelsum",,8
"WP1576","Heelweg",,8
"WP1551","Heemserveen",,8
"WP2458","Heemskerk",,8
"WP2563","Heemstede",,8
"WP1401","De Heen",,8
"WP1387","Heenvliet",,8
"WP1264","'s-Heer Abtskerke",,8
"WP1822","'s-Heer Arendskerke",,8
"WP1823","'s-Heer Hendrikskinderen",,8
"WP2865","Heerde",,8
"WP2206","'s-Heerenberg",,8
"WP2899","'s-Heerenbroek",,8
"WP1265","'s-Heerenhoek",,8
"WP3523","Heerenveen",,8
"WP1626","Heerewaarden",,8
"WP1746","Heerhugowaard",,8
"WP2398","Heerjansdam",,8
"WP1590","Heerle",,8
"WP1312","Heerlen",,8
"WP3516","Heesbeen",,8
"WP3059","Heesch",,8
"WP3361","Heesselt",,8
"WP3060","Heeswijk-Dinther",,8
"WP1498","Heeten",,8
"WP1314","Heeze",,8
"WP3204","Hegebeintum",,8
"WP1031","Hegelsom",,8
"WP2109","Hei- en Boeicop",,8
"WP2946","Heibloem",,8
"WP2329","Heide",,8
"WP1973","It Heidenskip",,8
"WP2663","Ter Heijde",,8
"WP2483","Heijen",,8
"WP1228","Heijenrath",,8
"WP1318","Heijningen",,8
"WP3091","Heikant",,8
"WP2292","Heilig Landstichting",,8
"WP1899","Heiligerlee",,8
"WP1243","Heiloo",,8
"WP2381","Heinenoord",,8
"WP1255","Heinkenszand",,8
"WP1492","Heino",,8
"WP3033","Hekelingen",,8
"WP1909","Hekendorp",,8
"WP3441","Helden",,8
"WP3056","Den Helder",,8
"WP1778","Helenaveen",,8
"WP3583","Hellendoorn",,8
"WP2137","Hellevoetsluis",,8
"WP3362","Hellouw",,8
"WP1350","Hellum",,8
"WP1146","Helmond",,8
"WP1428","Helvoirt",,8
"WP1507","Hem",,8
"WP1970","Hemelum",,8
"WP1865","Hemmen",,8
"WP1202","Hempens",,8
"WP3347","Hemrik",,8
"WP2352","Hendrik-Ido-Ambacht",,8
"WP3510","Hengelo",,8
"WP1535","Hengelo (Gld)",,8
"WP1443","Hengevelde",,8
"WP3098","Hengstdijk",,8
"WP1186","Hensbroek",,8
"WP1365","Herbaijum",,8
"WP2590","Herkenbosch",,8
"WP2378","Herkingen",,8
"WP2566","Hernen",,8
"WP3255","Herpen",,8
"WP3517","Herpt",,8
"WP2282","Herten",,8
"WP3570","Hertme",,8
"WP1595","'s-Hertogenbosch",,8
"WP1866","Herveld",,8
"WP2977","Herwen",,8
"WP2354","Herwijnen",,8
"WP1867","Heteren",,8
"WP2648","Heukelom",,8
"WP2355","Heukelum",,8
"WP3495","Heumen",,8
"WP1195","De Heurne",,8
"WP3518","Heusden",,8
"WP2929","Heusden",,8
"WP2988","Heveadorp",,8
"WP2947","Heythuysen",,8
"WP1288","Hezingen",,8
"WP3398","Hiaure",,8
"WP2311","Hichtum",,8
"WP2016","Hidaard",,8
"WP3223","Hierden",,8
"WP2312","Hieslum",,8
"WP3013","Hijken",,8
"WP3227","Hijum",,8
"WP2017","Hilaard",,8
"WP3535","Hillegom",,8
"WP1307","Hilvarenbeek",,8
"WP1036","Hilversum",,8
"WP1968","Hindeloopen",,8
"WP2018","Hinnaard",,8
"WP1488","Hippolytushoef",,8
"WP1363","Hitzum",,8
"WP1838","Hobrede",,8
"WP1256","Hoedekenskerke",,8
"WP3548","de Hoef",,8
"WP3626","Hoef en Haag",,8
"WP1130","Hoek",,8
"WP3082","Hoek van Holland",,8
"WP2257","Hoenderloo",,8
"WP2772","Hoenderloo",,8
"WP1313","Hoensbroek",,8
"WP1627","Hoenzadriel",,8
"WP1723","De Hoeve",,8
"WP2871","Hoevelaken",,8
"WP1250","Hoeven",,8
"WP1089","Hoge Hexel",,8
"WP2938","Hollandsche Rading",,8
"WP1813","Hollandscheveld",,8
"WP2586","Hollum",,8
"WP2156","Holsloot",,8
"WP1567","Holten",,8
"WP1217","Holthees",,8
"WP1552","Holtheme",,8
"WP1553","Holthone",,8
"WP2814","Holtum",,8
"WP3399","Holwerd",,8
"WP3237","Holwierde",,8
"WP2408","Hommerts",,8
"WP1868","Homoet",,8
"WP2656","Honselersdijk",,8
"WP1597","Hoofddorp",,8
"WP2968","Hoofdplaat",,8
"WP3564","Hoog Soeren",,8
"WP1434","Hoogblokland",,8
"WP1874","Hooge Mierde",,8
"WP2575","Hooge Zwaluwe",,8
"WP1066","Hoogeloon",,8
"WP1554","Hoogenweg",,8
"WP1000","Hoogerheide",,8
"WP3115","Hoogersmilde",,8
"WP3014","Hoogersmilde",,8
"WP1814","Hoogeveen",,8
"WP1018","Hoogezand",,8
"WP3015","Hooghalen",,8
"WP1508","Hoogkarspel",,8
"WP1521","Hoog-Keppel",,8
"WP1665","Hoogland",,8
"WP1666","Hooglanderveen",,8
"WP3034","Hoogmade",,8
"WP3083","Hoogvliet Rotterdam",,8
"WP2790","Hoogwoud",,8
"WP2615","Hoorn",,8
"WP3614","Hoorn",,8
"WP2807","Den Hoorn",,8
"WP2741","Den Hoorn",,8
"WP1435","Hoornaar",,8
"WP2197","Hoornsterzwaag",,8
"WP2948","Horn",,8
"WP2117","Den Horn",,8
"WP3416","Hornhuizen",,8
"WP2905","Horssen",,8
"WP1032","Horst",,8
"WP3595","Den Hout",,8
"WP2053","Houten",,8
"WP3282","Houtigehage",,8
"WP3417","Houwerzijl",,8
"WP1001","Huijbergen",,8
"WP2825","Huis ter Heide",,8
"WP1637","Huis ter Heide",,8
"WP3057","Huisduinen",,8
"WP3257","Huisseling",,8
"WP3130","Huissen",,8
"WP1011","Huizen",,8
"WP3447","Huizinge",,8
"WP2359","Hulsberg",,8
"WP1875","Hulsel",,8
"WP2984","Hulshorst",,8
"WP3088","Hulst",,8
"WP2068","Hulten",,8
"WP1523","Hummelo",,8
"WP2019","Húns",,8
"WP2949","Hunsel",,8
"WP2449","Hurdegaryp",,8
"WP1628","Hurwenen",,8
"WP2529","Idaerd",,9
"WP2313","Idsegahuizum",,9
"WP2492","Idskenhuizen",,9
"WP1742","Ter Idzard",,9
"WP2409","Idzega",,9
"WP2020","Iens",,9
"WP1048","IJhorst",,9
"WP2410","IJlst",,9
"WP2835","IJmuiden",,9
"WP2701","IJsselham",,9
"WP2895","IJsselmuiden",,9
"WP2432","IJsselstein",,9
"WP2974","IJzendijke",,9
"WP1099","IJzendoorn",,9
"WP1329","Den Ilp",,9
"WP1941","Ilpendam",,9
"WP2411","Indijk",,9
"WP1226","Ingber",,9
"WP2728","Ingelum",,9
"WP3376","Ingen",,9
"WP2021","Itens",,9
"WP2950","Ittervoort",,9
"WP1959","Jaarsveld",,10
"WP2846","Jabeek",,10
"WP3205","Jannum",,10
"WP2022","Jellum",,10
"WP3228","Jelsum",,10
"WP2530","Jirnsum",,10
"WP3206","Jislum",,10
"WP2284","Jisp",,10
"WP2452","Jistrum",,10
"WP3348","Jonkerslân",,10
"WP2261","Jonkersvaart",,10
"WP1340","Joppe",,10
"WP2023","Jorwert",,10
"WP2493","Joure",,10
"WP3400","Jouswier",,10
"WP2196","Jubbega",,10
"WP3058","Julianadorp",,10
"WP2412","Jutrijp",,10
"WP3035","Kaag",,11
"WP2622","Kaard",,11
"WP3052","Kaatsheuvel",,11
"WP2702","Kalenberg",,11
"WP2703","Kallenkote",,11
"WP1073","Kamerik",,11
"WP2894","Kampen",,11
"WP3188","Kamperland",,11
"WP2900","Kamperveen",,11
"WP3475","Kantens",,11
"WP2560","Kapel Avezaath",,11
"WP3377","Kapel-Avezaath",,11
"WP1467","Kapelle",,11
"WP3090","Kapellebrug",,11
"WP2192","Katlijk",,11
"WP3192","Kats",,11
"WP1825","Kattendijke",,11
"WP1707","Katwijk",,11
"WP1452","Katwijk NB",,11
"WP1942","Katwoude",,11
"WP2273","Kedichem",,11
"WP3264","Keent",,11
"WP1536","Keijenborg",,11
"WP2875","Kekerdom",,11
"WP2951","Kelpen-Oler",,11
"WP2561","Kerk Avezaath",,11
"WP3378","Kerk-Avezaath",,11
"WP1629","Kerkdriel",,11
"WP3166","Kerkenveld",,11
"WP2649","Kerkrade",,11
"WP2679","Kerkwerve",,11
"WP2632","Kerkwijk",,11
"WP1699","Kessel",,11
"WP1096","Kesteren",,11
"WP2151","De Kiel",,11
"WP1019","Kiel-Windeweer",,11
"WP2207","Kilder",,11
"WP2314","Kimswerd",,11
"WP2794","Kinderdijk",,11
"WP2624","Kinnum",,11
"WP2371","Klaaswaal",,11
"WP2606","Klarenbeek",,11
"WP2248","Klarenbeek",,11
"WP1991","Klazienaveen",,11
"WP1992","Klazienaveen-Noord",,11
"WP3492","Klein Zundert",,11
"WP1796","Klijndijk",,11
"WP1853","Klimmen",,11
"WP1468","Kloetinge",,11
"WP1826","Kloetinge",,11
"WP2770","De Klomp",,11
"WP1376","Klooster Lidlum",,11
"WP3418","Kloosterburen",,11
"WP1555","Kloosterhaar",,11
"WP3323","Kloosterhaar",,11
"WP3100","Kloosterzande",,11
"WP1319","Klundert",,11
"WP2994","Knegsel",,11
"WP2190","De Knipe",,11
"WP3229","Koarnjum",,11
"WP1393","Kockengen",,11
"WP1120","Koedijk",,11
"WP2349","Koedijk",,11
"WP3167","Koekange",,11
"WP1131","Koewacht",,11
"WP1677","Kolderwolde",,11
"WP1351","Kolham",,11
"WP2516","Kolhorn",,11
"WP3309","Kollum",,11
"WP3310","Kollumerpomp",,11
"WP3311","Kollumerzwaag",,11
"WP2119","Kommerzijl",,11
"WP2042","Koningsbosch",,11
"WP3442","Koningslust",,11
"WP2738","De Koog",,11
"WP1879","Koog aan de Zaan",,11
"WP3179","Kootstertille",,11
"WP1062","Kootwijk",,11
"WP1056","Kootwijkerbroek",,11
"WP2176","Kornhorn",,11
"WP2315","Kornwerderzand",,11
"WP3283","Kortehemmen",,11
"WP3526","Kortenhoef",,11
"WP3189","Kortgene",,11
"WP2850","Koudekerk aan den Rijn",,11
"WP2779","Koudekerke",,11
"WP1966","Koudum",,11
"WP2413","Koufurderrige",,11
"WP3462","Krabbendijke",,11
"WP1275","Kraggenburg",,11
"WP2433","Kreileroord",,11
"WP3238","Krewerd",,11
"WP1545","De Krim",,11
"WP2375","Krimpen aan de Lek",,11
"WP1144","Krimpen aan den IJssel",,11
"WP1341","Kring van Dorth",,11
"WP1880","Krommenie",,11
"WP1516","Kronenberg",,11
"WP1020","Kropswolde",,11
"WP3463","Kruiningen",,11
"WP1403","Kruisland",,11
"WP2024","Kûbaard",,11
"WP2572","Kudelstaart",,11
"WP2704","Kuinre",,11
"WP3097","Kuitaart",,11
"WP1257","Kwadendamme",,11
"WP1839","Kwadijk",,11
"WP3539","De Kwakel",,11
"WP2657","Kwintsheul",,11
"WP1495","Laag Zuthem",,12
"WP1522","Laag-Keppel",,12
"WP1506","Laag-Soeren",,12
"WP1876","Lage Mierde",,12
"WP1093","Lage Vuursche",,12
"WP2576","Lage Zwaluwe",,12
"WP1352","Lageland",,12
"WP3636","Lageland GN",,12
"WP3150","Lambertschaag",,12
"WP3099","Lamswaarde",,12
"WP2618","Landerum",,12
"WP3055","Landgraaf",,12
"WP2080","Landhorst",,12
"WP1328","Landsmeer",,12
"WP1303","Langbroek",,12
"WP1759","Langedijke",,12
"WP1724","Langelille",,12
"WP1638","Langelo",,12
"WP1978","Langenboom",,12
"WP1808","Langerak",,12
"WP1289","Langeveen",,12
"WP1326","Langeweg",,12
"WP3349","Langezwaag",,12
"WP2494","Langweer",,12
"WP1342","Laren",,12
"WP2890","Laren",,12
"WP1301","Lathum",,12
"WP1410","Lattrop-Breklenkamp",,12
"WP3419","Lauwersoog",,12
"WP2120","Lauwerzijl",,12
"WP2081","Ledeacker",,12
"WP2341","Leek",,12
"WP1315","Leende",,12
"WP3420","Leens",,12
"WP2110","Leerbroek",,12
"WP2271","Leerdam",,12
"WP3448","Leermens",,12
"WP3587","Leersum",,12
"WP3615","Leeuwarden",,12
"WP2495","Legemeer",,12
"WP2088","Leiden",,12
"WP2112","Leiderdorp",,12
"WP1621","Leidschendam",,12
"WP3541","Leimuiden",,12
"WP1605","Leimuiderbrug",,12
"WP2376","Lekkerkerk",,12
"WP1198","Lekkum",,12
"WP1835","Lellens",,12
"WP1051","Lelystad",,12
"WP2552","Lemele",,12
"WP1238","Lemelerveld",,12
"WP1430","Lemiers",,12
"WP2245","Lemmer",,12
"WP2208","Lengel",,12
"WP2545","Lent",,12
"WP2025","Leons",,12
"WP1939","Lepelstraat",,12
"WP2342","Lettelbert",,12
"WP2858","Lettele",,12
"WP2330","Leunen",,12
"WP2567","Leur",,12
"WP2638","Leusden",,12
"WP2876","Leuth",,12
"WP1639","Leutingewolde",,12
"WP1112","Leuvenheim",,12
"WP2040","Leveroy",,12
"WP1258","Lewedorp",,12
"WP2105","Lexmond",,12
"WP3207","Lichtaard",,12
"WP2227","Lichtenvoorde",,12
"WP2440","Liempde",,12
"WP3379","Lienden",,12
"WP2655","De Lier",,12
"WP1496","Lierderholthuis",,12
"WP2250","Lieren",,12
"WP2746","Lierop",,12
"WP2616","Lies",,12
"WP1447","Lieshout",,12
"WP1776","Liessel",,12
"WP2225","Lievelde",,12
"WP1640","Lieveren",,12
"WP1616","Lijnden",,12
"WP2815","Limbricht",,12
"WP2270","Limmen",,12
"WP3168","Linde",,12
"WP1453","Linden",,12
"WP1921","Linne",,12
"WP1963","Linschoten",,12
"WP3401","Lioessens",,12
"WP3350","Lippenhuizen",,12
"WP1466","Lisse",,12
"WP1609","Lisserbroek",,12
"WP3468","Lith",,12
"WP3469","Lithoijen",,12
"WP2978","Lobith",,12
"WP1343","Lochem",,12
"WP2251","Loenen",,12
"WP2219","Loenen aan de Vecht",,12
"WP2220","Loenersloot",,12
"WP3505","Loënga",,12
"WP2209","Loerbeek",,12
"WP2316","Lollum",,12
"WP3141","Lomm",,12
"WP2317","Longerhouw",,12
"WP2098","Loo Gld",,12
"WP3135","Loo Gld",,12
"WP3068","'t Loo Oldebroek",,12
"WP2392","Loon",,12
"WP3053","Loon op Zand",,12
"WP3061","Loosbroek",,12
"WP3537","Loosdrecht",,12
"WP1556","Loozen",,12
"WP1960","Lopik",,12
"WP1961","Lopikerkapel",,12
"WP3449","Loppersum",,12
"WP3239","Losdorp",,12
"WP1713","Losser",,12
"WP1033","Lottum",,12
"WP2262","Lucaswolde",,12
"WP1353","Luddeweer",,12
"WP2183","Luinjeberd",,12
"WP2765","Lunteren",,12
"WP1104","Lutjebroek",,12
"WP2177","Lutjegast",,12
"WP2517","Lutjewinkel",,12
"WP1714","de Lutte",,12
"WP1273","Luttelgeest",,12
"WP1557","Lutten",,12
"WP1494","Luttenberg",,12
"WP3351","Luxwoude",,12
"WP1458","Luyksgestel",,12
"WP2026","Lytsewierrum",,12
"WP1568","Maarheeze",,13
"WP3340","Maarn",,13
"WP3341","Maarsbergen",,13
"WP2064","Maarssen",,13
"WP2936","Maartensdijk",,13
"WP1772","Maasbommel",,13
"WP1920","Maasbracht",,13
"WP2601","Maasbree",,13
"WP2382","Maasdam",,13
"WP2658","Maasdijk",,13
"WP1218","Maashees",,13
"WP2806","Maasland",,13
"WP1069","Maassluis",,13
"WP1406","Maastricht",,13
"WP1672","Maastricht-Airport",,13
"WP3084","Maasvlakte Rotterdam",,13
"WP3252","Macharen",,13
"WP2577","Made",,13
"WP1760","Makkinga",,13
"WP2318","Makkum",,13
"WP3494","Malden",,13
"WP1290","Mander",,13
"WP1291","Manderveen",,13
"WP2027","Mantgum",,13
"WP3016","Mantinge",,13
"WP3471","Maren-Kessel",,13
"WP1694","Margraten",,13
"WP2043","Maria Hoop",,13
"WP1448","Mariahout",,13
"WP1292","Mariaparochie",,13
"WP1558","Mariënberg",,13
"WP1493","Mariënheem",,13
"WP2230","Mariënvelde",,13
"WP2705","Marijenkampen",,13
"WP1444","Markelo",,13
"WP1943","Marken",,13
"WP3556","Markenbinnen",,13
"WP1274","Marknesse",,13
"WP1383","Marle",,13
"WP3208","Marrum",,13
"WP2730","Marsum",,13
"WP2263","Marum",,13
"WP1170","Marwijksoord",,13
"WP2200","Mastenbroek",,13
"WP2901","Mastenbroek",,13
"WP1641","Matsloot",,13
"WP3380","Maurik",,13
"WP1231","Mechelen",,13
"WP3151","Medemblik",,13
"WP2277","Meeden",,13
"WP3240","Meedhuizen",,13
"WP2108","Meerkerk",,13
"WP1858","Meerlo",,13
"WP3297","De Meern",,13
"WP1463","Meerssen",,13
"WP3488","Meerstad",,13
"WP1955","Meeuwen",,13
"WP1584","Megchelen",,13
"WP3251","Megen",,13
"WP2140","Meijel",,13
"WP1034","Melderslo",,13
"WP2591","Melick",,13
"WP2780","Meliskerke",,13
"WP2379","Melissant",,13
"WP2731","Menaam",,13
"WP3421","Mensingeweer",,13
"WP1082","Meppel",,13
"WP2157","Meppen",,13
"WP2847","Merkelbeek",,13
"WP2331","Merselo",,13
"WP3530","Meteren",,13
"WP1035","Meterik",,13
"WP3402","Metslawier",,13
"WP1695","Mheer",,13
"WP2801","Middelaar",,13
"WP1007","Middelburg",,13
"WP3143","Middelharnis",,13
"WP1840","Middelie",,13
"WP3450","Middelstum",,13
"WP2170","Middenbeemster",,13
"WP2434","Middenmeer",,13
"WP2926","Midlaren",,13
"WP2892","Midlum",,13
"WP2619","Midsland",,13
"WP1897","Midwolda",,13
"WP2343","Midwolde",,13
"WP3152","Midwoud",,13
"WP1199","Miedum",,13
"WP1127","Mierlo",,13
"WP3549","Mijdrecht",,13
"WP2383","Mijnsheerenland",,13
"WP2191","Mildam",,13
"WP2091","Milheeze",,13
"WP1976","Mill",,13
"WP2289","Millingen aan de Rijn",,13
"WP2479","Milsbeek",,13
"WP3333","Minnertsga",,13
"WP1678","Mirns",,13
"WP3403","Moddergat",,13
"WP3054","De Moer",,13
"WP1322","Moerdijk",,13
"WP2647","Moergestel",,13
"WP1212","Moerkapelle",,13
"WP1593","Moerstraten",,13
"WP1983","Molenaarsgraaf",,13
"WP2802","Molenhoek",,13
"WP2069","Molenschot",,13
"WP1967","Molkwerum",,13
"WP1944","Monnickendam",,13
"WP2659","Monster",,13
"WP1964","Montfoort",,13
"WP2592","Montfort",,13
"WP2803","Mook",,13
"WP2796","Mookhoek",,13
"WP1244","Moordrecht",,13
"WP1464","Moorveld",,13
"WP3404","Morra",,13
"WP2093","De Mortel",,13
"WP3632","Muiden",,13
"WP1519","Muiderberg",,13
"WP2446","Mûnein",,13
"WP1725","Munnekeburen",,13
"WP3312","Munnekezijl",,13
"WP2816","Munstergeleen",,13
"WP2278","Muntendam",,13
"WP3077","Mussel",,13
"WP3075","Musselkanaal",,13
"WP2660","Naaldwijk",,14
"WP1052","Naarden",,14
"WP1278","Nagele",,14
"WP3497","Nederasselt",,14
"WP2633","Nederhemert",,14
"WP3003","Nederhorst den Berg",,14
"WP2706","Nederland",,14
"WP2037","Nederweert",,14
"WP2039","Nederweert-Eind",,14
"WP1656","Neede",,14
"WP2952","Neer",,14
"WP3363","Neerijnen",,14
"WP2953","Neeritter",,14
"WP1777","Neerkant",,14
"WP3261","Neerlangel",,14
"WP3262","Neerloon",,14
"WP3603","Nes",,14
"WP2588","Nes",,14
"WP3405","Nes",,14
"WP1068","Netersel",,14
"WP1583","Netterden",,14
"WP3406","Niawier",,14
"WP3153","Nibbixwoud",,14
"WP2264","Niebert",,14
"WP2121","Niehove",,14
"WP2178","Niekerk",,14
"WP3422","Niekerk",,14
"WP1642","Nietap",,14
"WP1171","Nieuw Annerveen",,14
"WP1421","Nieuw Beerta",,14
"WP1009","Nieuw- en Sint Joosland",,14
"WP1499","Nieuw Heeten",,14
"WP3093","Nieuw Namen",,14
"WP1894","Nieuw Scheemda",,14
"WP2634","Nieuwaal",,14
"WP1993","Nieuw-Amsterdam",,14
"WP3018","Nieuw-Balinge",,14
"WP2887","Nieuw-Beijerland",,14
"WP1797","Nieuw-Buinen",,14
"WP1994","Nieuw-Dordrecht",,14
"WP1259","Nieuwdorp",,14
"WP2518","Nieuwe Niedorp",,14
"WP1398","Nieuwe Pekela",,14
"WP3037","Nieuwe Wetering",,14
"WP2496","Nieuwebrug",,14
"WP1172","Nieuwediep",,14
"WP1108","Nieuwegein",,14
"WP2194","Nieuwehorne",,14
"WP2216","Nieuwendijk",,14
"WP1394","Nieuwer Ter Aa",,14
"WP2666","Nieuwerbrug aan den Rijn",,14
"WP2680","Nieuwerkerk",,14
"WP1016","Nieuwerkerk aan den IJssel",,14
"WP1815","Nieuweroord",,14
"WP3017","Nieuweroord",,14
"WP2221","Nieuwersluis",,14
"WP2187","Nieuweschoot",,14
"WP3144","Nieuwe-Tonge",,14
"WP2667","Nieuwkoop",,14
"WP3502","Nieuwkuijk",,14
"WP2111","Nieuwland",,14
"WP1816","Nieuwlande",,14
"WP2158","Nieuwlande Coevorden",,14
"WP2795","Nieuw-Lekkerland",,14
"WP1239","Nieuwleusen",,14
"WP1896","Nieuwolda",,14
"WP1807","Nieuwpoort",,14
"WP1643","Nieuw-Roden",,14
"WP1995","Nieuw-Schoonebeek",,14
"WP2047","Nieuwstadt",,14
"WP2670","Nieuwveen",,14
"WP1602","Nieuw-Vennep",,14
"WP2969","Nieuwvliet",,14
"WP1404","Nieuw-Vossemeer",,14
"WP1996","Nieuw-Weerdinge",,14
"WP2122","Niezijl",,14
"WP2569","Niftrik",,14
"WP2222","Nigtevecht",,14
"WP3330","Nij Altoenae",,14
"WP3352","Nij Beets",,14
"WP2607","Nijbroek",,14
"WP1761","Nijeberkoop",,14
"WP3284","Nijega",,14
"WP3521","Nijehaske",,14
"WP1726","Nijeholtpade",,14
"WP1727","Nijeholtwolde",,14
"WP1728","Nijelamer",,14
"WP1679","Nijemirdum",,14
"WP3116","Nijensleek",,14
"WP1729","Nijetrijne",,14
"WP1083","Nijeveen",,14
"WP1972","Nijhuizum",,14
"WP3606","Nijkerk",,14
"WP3607","Nijkerkerveen",,14
"WP2414","Nijland",,14
"WP1173","Nijlande",,14
"WP3030","Nijmegen",,14
"WP3584","Nijverdal",,14
"WP1591","Nispen",,14
"WP1260","Nisse",,14
"WP3062","Nistelrode",,14
"WP2450","Noardburgum",,14
"WP1174","Nooitgedacht",,14
"WP1696","Noorbeek",,14
"WP2171","Noordbeemster",,14
"WP2279","Noordbroek",,14
"WP1905","Noordeinde",,14
"WP3070","Noordeinde Gld",,14
"WP1436","Noordeloos",,14
"WP2668","Noorden",,14
"WP2681","Noordgouwe",,14
"WP1325","Noordhoek",,14
"WP2123","Noordhorn",,14
"WP1268","Noordlaren",,14
"WP1118","Noord-Scharwoude",,14
"WP1817","Noordscheschut",,14
"WP2159","Noord-Sleen",,14
"WP2682","Noordwelle",,14
"WP2265","Noordwijk",,14
"WP2061","Noordwijk",,14
"WP1927","Noordwijkerhout",,14
"WP2830","Noordwolde",,14
"WP1730","Noordwolde",,14
"WP1142","Nootdorp",,14
"WP1644","Norg",,14
"WP1090","Notter",,14
"WP2136","Nuenen",,14
"WP2266","Nuis",,14
"WP3611","Nuland",,14
"WP2372","Numansdorp",,14
"WP2954","Nunhem",,14
"WP2982","Nunspeet",,14
"WP2358","Nuth",,14
"WP1411","Nutter",,14
"WP2817","Obbicht",,15
"WP1187","Obdam",,15
"WP1097","Ochten",,15
"WP2604","Odijk",,15
"WP1849","Odiliapeel",,15
"WP1798","Odoorn",,15
"WP1799","Odoornerveen",,15
"WP1219","Oeffelt",,15
"WP2744","Oegstgeest",,15
"WP1347","Oene",,15
"WP2443","Oentsjerk",,15
"WP1489","Den Oever",,15
"WP3506","Offingawier",,15
"WP1923","Ohé en Laak",,15
"WP3470","Oijen",,15
"WP3604","Oirlo",,15
"WP2101","Oirsbeek",,15
"WP1207","Oirschot",,15
"WP2646","Oisterwijk",,15
"WP2859","Okkenbroek",,15
"WP1529","Olburgen",,15
"WP1762","Oldeberkoop",,15
"WP3071","Oldebroek",,15
"WP1731","Oldeholtpade",,15
"WP1732","Oldeholtwolde",,15
"WP2124","Oldehove",,15
"WP2179","Oldekerk",,15
"WP1733","Oldelamer",,15
"WP2707","Oldemarkt",,15
"WP1668","Oldenzaal",,15
"WP3476","Oldenzijl",,15
"WP2498","Oldeouwer",,15
"WP1734","Oldetrijne",,15
"WP1379","Olst",,15
"WP3353","Olterterp",,15
"WP2930","Ommel",,15
"WP3629","Ommen",,15
"WP3381","Ommeren",,15
"WP2831","Onderdendam",,15
"WP2708","Onna",,15
"WP1269","Onnen",,15
"WP3076","Onstwedde",,15
"WP2877","Ooij",,15
"WP2133","Ooltgensplaat",,15
"WP1208","Oost West en Middelbeers",,15
"WP2960","Oostburg",,15
"WP3464","Oostdijk",,15
"WP2957","Oosteind",,15
"WP2990","Oosterbeek",,15
"WP1375","Oosterbierum",,15
"WP3619","Oosterblokker",,15
"WP2614","Oosterend",,15
"WP2742","Oosterend",,15
"WP2160","Oosterhesselen",,15
"WP1869","Oosterhout",,15
"WP3596","Oosterhout",,15
"WP2683","Oosterland",,15
"WP1510","Oosterleek",,15
"WP3477","Oosternieland",,15
"WP3407","Oosternijkerk",,15
"WP1735","Oosterstreek",,15
"WP2274","Oosterwijk",,15
"WP3451","Oosterwijtwerd",,15
"WP1763","Oosterwolde",,15
"WP3072","Oosterwolde Gld",,15
"WP2246","Oosterzee",,15
"WP3554","Oost-Graftdijk",,15
"WP2415","Oosthem",,15
"WP1841","Oosthuizen",,15
"WP2781","Oostkapelle",,15
"WP2285","Oostknollendam",,15
"WP3605","Oostrum",,15
"WP3408","Oostrum",,15
"WP1076","Oost-Souburg",,15
"WP1209","Oostvoorne",,15
"WP1898","Oostwold",,15
"WP2344","Oostwold",,15
"WP3567","Oostwoud",,15
"WP2113","Oostzaan",,15
"WP1412","Ootmarsum",,15
"WP3285","Opeinde",,15
"WP2180","Opende",,15
"WP3364","Ophemert",,15
"WP1098","Opheusden",,15
"WP3365","Opijnen",,15
"WP2082","Oploo",,15
"WP2791","Opmeer",,15
"WP2416","Oppenhuizen",,15
"WP3155","Opperdoes",,15
"WP3019","Oranje",,15
"WP2189","Oranjewoud",,15
"WP3020","Orvelte",,15
"WP2038","Ospel",,15
"WP3249","Oss",,15
"WP1002","Ossendrecht",,15
"WP3102","Ossenisse",,15
"WP2842","Ossenwaard",,15
"WP2709","Ossenzijl",,15
"WP1888","Oterleek",,15
"WP2767","Otterlo",,15
"WP2480","Ottersum",,15
"WP3628","Ottoland",,15
"WP3540","Oud Ade",,15
"WP1175","Oud Annerveen",,15
"WP1248","Oud Gastel",,15
"WP1413","Oud Ootmarsum",,15
"WP2066","Oud Zuilen",,15
"WP1985","Oud-Alblas",,15
"WP2793","Oud-Beijerland",,15
"WP2932","Ouddorp",,15
"WP1599","Oude Meer",,15
"WP2519","Oude Niedorp",,15
"WP1397","Oude Pekela",,15
"WP3039","Oude Wetering",,15
"WP3117","Oude Willem",,15
"WP3328","Oudebildtzijl",,15
"WP3286","Oudega",,15
"WP1680","Oudega",,15
"WP2417","Oudega",,15
"WP3522","Oudehaske",,15
"WP2195","Oudehorne",,15
"WP1261","Oudelande",,15
"WP1681","Oudemirdum",,15
"WP1320","Oudemolen",,15
"WP2917","Oudemolen",,15
"WP1246","Oudenbosch",,15
"WP1188","Oudendijk",,15
"WP1388","Oudenhoorn",,15
"WP2129","Ouderkerk aan de Amstel",,15
"WP2373","Ouderkerk aan den IJssel",,15
"WP2233","Oudeschans",,15
"WP2743","Oudeschild",,15
"WP3478","Oudeschip",,15
"WP2188","Oudeschoot",,15
"WP2763","Oudesluis",,15
"WP2134","Oude-Tonge",,15
"WP1910","Oudewater",,15
"WP1423","Oudezijl",,15
"WP3519","Oudheusden",,15
"WP3290","Oudkarspel",,15
"WP1119","Oudkarspel",,15
"WP2350","Oudorp",,15
"WP2077","Oud-Vossemeer",,15
"WP3313","Oudwoude",,15
"WP2684","Ouwerkerk",,15
"WP2500","Ouwsterhaule",,15
"WP2501","Ouwster-Nijega",,15
"WP3496","Overasselt",,15
"WP3588","Overberg",,15
"WP1715","Overdinkel",,15
"WP3263","Overlangel",,15
"WP1220","Overloon",,15
"WP1354","Overschild",,15
"WP1132","Overslag",,15
"WP2653","Overveen",,15
"WP1262","Ovezande",,15
"WP2710","Paasloo",,16
"WP3409","Paesens",,16
"WP2979","Pannerden",,16
"WP3443","Panningen",,16
"WP1911","Papekop",,16
"WP1477","Papendrecht",,16
"WP2818","Papenhoven",,16
"WP1176","Papenvoort",,16
"WP2319","Parrega",,16
"WP2910","Paterswolde",,16
"WP1645","Peest",,16
"WP1368","Peins",,16
"WP1646","Peize",,16
"WP1736","Peperga",,16
"WP3085","Pernis Rotterdam",,16
"WP2878","Persingen",,16
"WP3118","Pesse",,16
"WP1818","Pesse",,16
"WP2761","Petten",,16
"WP1133","Philippine",,16
"WP2320","Piaam",,16
"WP2888","Piershil",,16
"WP3423","Pieterburen",,16
"WP1374","Pietersbierum",,16
"WP2125","Pieterzijl",,16
"WP1141","Pijnacker",,16
"WP2321","Pingjum",,16
"WP2804","Plasmolen",,16
"WP2635","Poederoijen",,16
"WP2661","Poeldijk",,16
"WP2698","De Pol",,16
"WP1962","Polsbroek",,16
"WP2363","Poortugaal",,16
"WP2072","Poortvliet",,16
"WP2533","Poppenwier",,16
"WP1830","Ten Post",,16
"WP2593","Posterholt",,16
"WP1705","Prinsenbeek",,16
"WP2906","Puiflijk",,16
"WP2915","De Punt",,16
"WP1049","Punthorst",,16
"WP1749","Purmer",,16
"WP1946","Purmer",,16
"WP3103","Purmerend",,16
"WP1330","Purmerland",,16
"WP2102","Puth",,16
"WP1003","Putte",,16
"WP3580","Putten",,16
"WP2384","Puttershoek",,16
"WP1491","Raalte",,17
"WP1752","Raamsdonk",,17
"WP1750","Raamsdonksveer",,17
"WP3410","Raard",,17
"WP1559","Radewijk",,17
"WP3563","Radio Kootwijk",,17
"WP2534","Raerd",,17
"WP1870","Randwijk",,17
"WP1854","Ransdaal",,17
"WP2470","Rasquert",,17
"WP3254","Ravenstein",,17
"WP3382","Ravenswaaij",,17
"WP1764","Ravenswoud",,17
"WP3272","Readtsjerk",,17
"WP2028","Reahûs",,17
"WP2535","Reduzum",,17
"WP1852","Reek",,17
"WP2476","Reeuwijk",,17
"WP1227","Reijmerstok",,17
"WP3209","Reitsum",,17
"WP1663","Rekken",,17
"WP2685","Renesse",,17
"WP2991","Renkum",,17
"WP2141","Renswoude",,17
"WP3137","Ressen",,17
"WP2970","Retranchement",,17
"WP1877","Reusel",,17
"WP1293","Reutum",,17
"WP1949","Reuver",,17
"WP1528","Rha",,17
"WP1501","Rheden",,17
"WP2393","Rhee",,17
"WP1560","Rheeze",,17
"WP1561","Rheezerveen",,17
"WP1399","Rhenen",,17
"WP3528","Rhenoy",,17
"WP2362","Rhoon",,17
"WP2562","Ridderkerk",,17
"WP1370","Ried",,17
"WP2881","Riel",,17
"WP2029","Rien",,17
"WP1459","Riethoven",,17
"WP1657","Rietmolen",,17
"WP2070","Rijen",,17
"WP1221","Rijkevoort",,17
"WP2087","Rijkevoort-De Walsert",,17
"WP3040","Rijnsaterwoude",,17
"WP1708","Rijnsburg",,17
"WP3553","De Rijp",,17
"WP3546","Rijpwetering",,17
"WP1682","Rijs",,17
"WP3490","Rijsbergen",,17
"WP1601","Rijsenhout",,17
"WP1566","Rijssen",,17
"WP2459","Rijswijk",,17
"WP3383","Rijswijk (GLD)",,17
"WP3303","Rijswijk (NB)",,17
"WP3465","Rilland",,17
"WP3270","Rinsumageast",,17
"WP2094","De Rips",,17
"WP1077","Ritthem",,17
"WP1210","Rockanje",,17
"WP1647","Roden",,17
"WP3633","Roderesch",,17
"WP1649","Roderwolde",,17
"WP3042","Roelofarendsveen",,17
"WP2281","Roermond",,17
"WP1084","Rogat",,17
"WP2955","Roggel",,17
"WP2502","Rohel",,17
"WP1177","Rolde",,17
"WP3479","Roodeschool",,17
"WP1588","Roosendaal",,17
"WP2046","Roosteren",,17
"WP1596","Rosmalen",,17
"WP1414","Rossum",,17
"WP1630","Rossum",,17
"WP1997","Roswinkel",,17
"WP2503","Rotstergaast",,17
"WP2504","Rotsterhaule",,17
"WP3086","Rotterdam",,17
"WP2364","Rotterdam-Albrandswaard",,17
"WP3287","Rottevalle",,17
"WP3480","Rottum",,17
"WP2505","Rottum",,17
"WP1047","Rouveen",,17
"WP2437","Rozenburg",,17
"WP1598","Rozenburg",,17
"WP2927","Rozendaal",,17
"WP2581","Rucphen",,17
"WP1683","Ruigahuizen",,17
"WP3119","Ruinen",,17
"WP3169","Ruinen",,17
"WP3170","Ruinerwold",,17
"WP3215","Rumpt",,17
"WP1282","Rutten",,17
"WP1658","Ruurlo",,17
"WP2445","Ryptsjerk",,17
"WP2126","Saaksum",,18
"WP1415","Saasveld",,18
"WP2471","Saaxumhuizen",,18
"WP1222","Sambeek",,18
"WP2418","Sandfirden",,18
"WP2837","Santpoort-Noord",,18
"WP2838","Santpoort-Zuid",,18
"WP1021","Sappemeer",,18
"WP1134","Sas van Gent",,18
"WP2003","Sassenheim",,18
"WP2472","Sauwerd",,18
"WP2460","Schagen",,18
"WP2756","Schagerbrug",,18
"WP1851","Schaijk",,18
"WP2860","Schalkhaar",,18
"WP2056","Schalkwijk",,18
"WP1369","Schalsum",,18
"WP1842","Schardam",,18
"WP2686","Scharendijke",,18
"WP1355","Scharmer",,18
"WP2419","Scharnegoutum",,18
"WP2506","Scharsterbrug",,18
"WP1189","Scharwoude",,18
"WP1893","Scheemda",,18
"WP2711","Scheerwolde",,18
"WP1511","Schellinkhout",,18
"WP1437","Schelluinen",,18
"WP1889","Schermerhorn",,18
"WP2073","Scherpenisse",,18
"WP1737","Scherpenzeel",,18
"WP2135","Scherpenzeel",,18
"WP2322","Schettens",,18
"WP1697","Scheulder",,18
"WP1935","Schiedam",,18
"WP2428","Schiermonnikoog",,18
"WP2582","Schijf",,18
"WP2139","Schijndel",,18
"WP1356","Schildwolde",,18
"WP2360","Schimmert",,18
"WP1717","Schin op Geul",,18
"WP2103","Schinnen",,18
"WP2848","Schinveld",,18
"WP1178","Schipborg",,18
"WP1618","Schiphol",,18
"WP1604","Schiphol-Rijk",,18
"WP1085","De Schiphorst",,18
"WP2805","Schipluiden",,18
"WP1277","Schokland",,18
"WP2971","Schoondijke",,18
"WP1998","Schoonebeek",,18
"WP2390","Schoonhoven",,18
"WP1179","Schoonloo",,18
"WP2161","Schoonoord",,18
"WP2272","Schoonrewoerd",,18
"WP3045","Schoorl",,18
"WP1469","Schore",,18
"WP3424","Schouwerzijl",,18
"WP2323","Schraard",,18
"WP1562","Schuinesloot",,18
"WP2181","Sebaldeburen",,18
"WP2295","Sellingen",,18
"WP2687","Serooskerke",,18
"WP2782","Serooskerke",,18
"WP1515","Sevenum",,18
"WP1373","Sexbierum",,18
"WP3324","Sibculo",,18
"WP1563","Sibculo",,18
"WP2536","Sibrandabuorren",,18
"WP3274","Sibrandahûs",,18
"WP1357","Siddeburen",,18
"WP1123","Siebengewald",,18
"WP3354","Siegerswoude",,18
"WP3156","Sijbekarspel",,18
"WP1578","Silvolde",,18
"WP1389","Simonshaven",,18
"WP3065","Simpelveld",,18
"WP1579","Sinderen",,18
"WP1454","Sint Agatha",,18
"WP1834","Sint Annen",,18
"WP2083","Sint Anthonis",,18
"WP1698","Sint Geertruid",,18
"WP1977","Sint Hubert",,18
"WP2712","Sint Jansklooster",,18
"WP3089","Sint Jansteen",,18
"WP2044","Sint Joost",,18
"WP2973","Sint Kruis",,18
"WP3291","Sint Maarten",,18
"WP2759","Sint Maartensbrug",,18
"WP2760","Sint Maartensvlotbrug",,18
"WP2507","Sint Nicolaasga",,18
"WP2594","Sint Odiliënberg",,18
"WP1115","Sint Pancras",,18
"WP2078","Sint Philipsland",,18
"WP2584","St. Willebrord",,18
"WP2076","Sint-Annaland",,18
"WP3331","St.-Annaparochie",,18
"WP3332","St.-Jacobiparochie",,18
"WP2508","Sintjohannesga",,18
"WP2074","Sint-Maartensdijk",,18
"WP2060","Sint-Michielsgestel",,18
"WP2787","Sint-Oedenrode",,18
"WP2688","Sirjansland",,18
"WP3512","Sittard",,18
"WP2732","Skingen",,18
"WP1564","Slagharen",,18
"WP2733","Slappeterp",,18
"WP2162","Sleen",,18
"WP2217","Sleeuwijk",,18
"WP1229","Slenaken",,18
"WP2438","Sliedrecht",,18
"WP1738","Slijkenburg",,18
"WP1871","Slijk-Ewijk",,18
"WP1358","Slochteren",,18
"WP2435","Slootdorp",,18
"WP1684","Sloten",,18
"WP2962","Sluis",,18
"WP1135","Sluiskil",,18
"WP2334","Smakt",,18
"WP3288","Smalle Ee",,18
"WP2420","Smallebrugge",,18
"WP3021","Smilde",,18
"WP1200","Snakkerburen",,18
"WP3504","Sneek",,18
"WP1912","Snelrewaard",,18
"WP2509","Snikzwaag",,18
"WP1569","Soerendonk",,18
"WP1013","Soest",,18
"WP1014","Soesterberg",,18
"WP2745","Someren",,18
"WP3145","Sommelsdijk",,18
"WP3520","Son en Breugel",,18
"WP1685","Sondel",,18
"WP1739","Sonnega",,18
"WP3534","Spaarndam",,18
"WP2908","Spaarndam gem. Haarlem",,18
"WP2792","Spanbroek",,18
"WP1740","Spanga",,18
"WP1505","Spankeren",,18
"WP2030","Spannum",,18
"WP1671","Spaubeek",,18
"WP3022","Spier",,18
"WP3120","Spier",,18
"WP1190","Spierdijk",,18
"WP2980","Spijk",,18
"WP3241","Spijk",,18
"WP2356","Spijk",,18
"WP3032","Spijkenisse",,18
"WP1180","Spijkerboor",,18
"WP2286","Spijkerboor",,18
"WP2596","Sprang-Capelle",,18
"WP2583","Sprundel",,18
"WP1136","Spui",,18
"WP3146","Stad aan 't Haringvliet",,18
"WP3074","Stadskanaal",,18
"WP1247","Stampersgat",,18
"WP1324","Standdaarbuiten",,18
"WP1046","Staphorst",,18
"WP3555","Starnmeer",,18
"WP3452","Startenhuizen",,18
"WP3481","Startenhuizen",,18
"WP2075","Stavenisse",,18
"WP1969","Stavoren",,18
"WP3453","Stedum",,18
"WP1502","De Steeg",,18
"WP1405","Steenbergen",,18
"WP3634","Steenbergen",,18
"WP1359","Steendam",,18
"WP1526","Steenderen",,18
"WP2608","Steenenkamer",,18
"WP2995","Steensel",,18
"WP2713","Steenwijk",,18
"WP2714","Steenwijkerwold",,18
"WP2553","Stegeren",,18
"WP1741","Steggerda",,18
"WP1913","Stein",,18
"WP2933","Stellendam",,18
"WP1316","Sterksel",,18
"WP2084","Stevensbeek",,18
"WP1922","Stevensweert",,18
"WP1475","Steyl",,18
"WP2163","Stieltjeskanaal",,18
"WP3230","Stiens",,18
"WP3482","Stitswerd",,18
"WP2210","Stokkum",,18
"WP2388","Stolwijk",,18
"WP1890","Stompetoren",,18
"WP2639","Stoutenburg",,18
"WP1667","Stoutenburg Noord",,18
"WP1975","Stramproy",,18
"WP1805","Streefkerk",,18
"WP2620","Striep",,18
"WP3435","Strijbeek",,18
"WP2797","Strijen",,18
"WP2798","Strijensas",,18
"WP1059","Stroe",,18
"WP3180","Stroobos",,18
"WP3023","Stuifzand",,18
"WP1819","Stuifzand",,18
"WP2453","Sumar",,18
"WP3181","Surhuisterveen",,18
"WP3182","Surhuizum",,18
"WP2045","Susteren",,18
"WP2448","Suwâld",,18
"WP2283","Swalmen",,18
"WP2104","Sweikhuizen",,18
"WP1204","Swichum",,18
"WP2431","Swifterbant",,18
"WP1859","Swolgen",,18
"WP2918","Taarlo",,19
"WP3472","Teeffelen",,19
"WP1203","Teerns",,19
"WP1474","Tegelen",,19
"WP2182","Terband",,19
"WP1577","Terborg",,19
"WP2578","Terheijden",,19
"WP2537","Terherne",,19
"WP3096","Terhole",,19
"WP2510","Terkaple",,19
"WP3242","Termunten",,19
"WP3243","Termunterzijl",,19
"WP3411","Ternaard",,19
"WP1137","Terneuzen",,19
"WP2511","Teroele",,19
"WP3598","Terschuur",,19
"WP2538","Tersoal",,19
"WP3355","Terwispel",,19
"WP2609","Terwolde",,19
"WP3623","Teteringen",,19
"WP2610","Teuge",,19
"WP1832","Thesinge",,19
"WP2071","Tholen",,19
"WP1916","Thorn",,19
"WP3601","Tiel",,19
"WP1820","Tiendeveen",,19
"WP3024","Tiendeveen",,19
"WP2065","Tienhoven",,19
"WP2107","Tienhoven aan de Lek",,19
"WP1860","Tienray",,19
"WP3356","Tijnje",,19
"WP3276","De Tike",,19
"WP1043","Tilburg",,19
"WP1416","Tilligte",,19
"WP2473","Tinallinge",,19
"WP1211","Tinte",,19
"WP3591","Tirns",,19
"WP2422","Tjalhuizum",,19
"WP2184","Tjalleberd",,19
"WP2512","Tjerkgaast",,19
"WP2324","Tjerkwerd",,19
"WP1360","Tjuchem",,19
"WP2345","Tolbert",,19
"WP1531","Toldijk",,19
"WP2981","Tolkamer",,19
"WP1279","Tollebeek",,19
"WP1110","Tonden",,19
"WP3454","Toornwerd",,19
"WP3531","Tricht",,19
"WP3314","Triemen",,19
"WP2276","Tripscompagnie",,19
"WP1294","Tubbergen",,19
"WP3366","Tuil",,19
"WP3292","Tuitjenhorn",,19
"WP2715","Tuk",,19
"WP2055","Tull en 't Waal",,19
"WP2611","Twello",,19
"WP3183","Twijzel",,19
"WP3184","Twijzelerheide",,19
"WP3157","Twisk",,19
"WP2919","Tynaarlo",,19
"WP2447","Tytsjerk",,19
"WP1362","Tzum",,19
"WP1377","Tzummarum",,19
"WP2395","Ubbena",,20
"WP2879","Ubbergen",,20
"WP3562","Uddel",,20
"WP1847","Uden",,20
"WP1045","Udenhout",,20
"WP3121","Uffelte",,20
"WP2256","Ugchelen",,20
"WP1947","Uitdam",,20
"WP2755","Uitgeest",,20
"WP2062","Uithoorn",,20
"WP3483","Uithuizen",,20
"WP3484","Uithuizermeeden",,20
"WP2423","Uitwellingerga",,20
"WP3304","Uitwijk",,20
"WP1465","Ulestraten",,20
"WP1580","Ulft",,20
"WP2884","Ulicoten",,20
"WP3425","Ulrum",,20
"WP1704","Ulvenhout",,20
"WP3436","Ulvenhout AC",,20
"WP3357","Ureterp",,20
"WP2143","Urk",,20
"WP1915","Urmond",,20
"WP1891","Ursem",,20
"WP1191","Ursem",,20
"WP3485","Usquert",,20
"WP3295","Utrecht",,20
"WP1429","Vaals",,21
"WP1345","Vaassen",,21
"WP1872","Valburg",,21
"WP1709","Valkenburg",,21
"WP1718","Valkenburg",,21
"WP1100","Valkenswaard",,21
"WP1800","Valthe",,21
"WP1801","Valthermond",,21
"WP1781","2e Valthermond",,21
"WP3367","Varik",,21
"WP1582","Varsselder",,21
"WP1574","Varsseveld",,21
"WP1295","Vasse",,21
"WP2234","Veelerveen",,21
"WP1956","Veen",,21
"WP1240","Veendam",,21
"WP2048","Veenendaal",,21
"WP3277","De Veenhoop",,21
"WP1651","Veenhuizen",,21
"WP3171","Veeningen",,21
"WP3315","Veenklooster",,21
"WP1999","Veenoord",,21
"WP2783","Veere",,21
"WP2866","Veessen",,21
"WP2513","Vegelinsoord",,21
"WP2827","Veghel",,21
"WP2520","'t Veld",,21
"WP1631","Velddriel",,21
"WP1547","Den Velde",,21
"WP3142","Velden",,21
"WP1384","Veldhoven",,21
"WP3198","Velp",,21
"WP1500","Velp",,21
"WP3538","Velsen-Noord",,21
"WP3536","Velsen-Zuid",,21
"WP2839","Velserbroek",,21
"WP1565","Venebrugge",,21
"WP3139","Venhorst",,21
"WP1512","Venhuizen",,21
"WP1473","Venlo",,21
"WP2335","Venray",,21
"WP2481","Ven-Zelderheide",,21
"WP2996","Vessem",,21
"WP2211","Vethuizen",,21
"WP2336","Veulen",,21
"WP2843","Vianen",,21
"WP1455","Vianen NB",,21
"WP1532","Vierakker",,21
"WP2985","Vierhouten",,21
"WP3426","Vierhuizen",,21
"WP1223","Vierlingsbeek",,21
"WP2369","Vierpolders",,21
"WP1613","Vijfhuizen",,21
"WP1431","Vijlen",,21
"WP2554","Vilsteren",,21
"WP1743","Vinkega",,21
"WP3063","Vinkel",,21
"WP3612","Vinkel",,21
"WP2555","Vinkenbuurt",,21
"WP3550","Vinkeveen",,21
"WP2127","Visvliet",,21
"WP1015","Vlaardingen",,21
"WP2298","Vlagtwedde",,21
"WP3122","Vledder",,21
"WP3123","Vledderveen",,21
"WP3078","Vledderveen",,21
"WP3296","Vleuten",,21
"WP3299","Vlieland",,21
"WP1775","Vlierden",,21
"WP3503","Vlijmen",,21
"WP1078","Vlissingen",,21
"WP2389","Vlist",,21
"WP2595","Vlodrop",,21
"WP1855","Voerendaal",,21
"WP2651","Vogelenzang",,21
"WP3095","Vogelwaarde",,21
"WP1748","Volendam",,21
"WP1848","Volkel",,21
"WP2716","Vollenhove",,21
"WP3087","Vondelingenplaat Rotterdam",,21
"WP1622","Voorburg",,21
"WP2004","Voorhout",,21
"WP3231","Voorschoten",,21
"WP1586","Voorst",,21
"WP2612","Voorst",,21
"WP3599","Voorthuizen",,21
"WP2867","Vorchten",,21
"WP3573","Vorden",,21
"WP3064","Vorstenbosch",,21
"WP1224","Vortum-Mullem",,21
"WP2226","Vragender",,21
"WP1181","Vredenheim",,21
"WP2337","Vredepeel",,21
"WP3525","Vreeland",,21
"WP2912","Vries",,21
"WP2235","Vriescheloo",,21
"WP3325","Vriezenveen",,21
"WP3326","Vroomshoop",,21
"WP2672","Vrouwenakker",,21
"WP3334","Vrouwenparochie",,21
"WP2784","Vrouwenpolder",,21
"WP1619","Vught",,21
"WP2357","Vuren",,21
"WP2031","Waaksens",,22
"WP1809","Waal",,22
"WP2739","De Waal",,22
"WP1006","Waalre",,22
"WP2597","Waalwijk",,22
"WP1895","'t Waar",,22
"WP3466","Waarde",,22
"WP3368","Waardenburg",,22
"WP2478","Waarder",,22
"WP3305","Waardhuizen",,22
"WP3293","Waarland",,22
"WP3412","Waaxens",,22
"WP2165","Wachtum",,22
"WP3051","Waddinxveen",,22
"WP2559","Wadenoijen",,22
"WP2579","Wagenberg",,22
"WP3244","Wagenborgen",,22
"WP2006","Wageningen",,22
"WP1719","Walem",,22
"WP3101","Walsoorden",,22
"WP3269","Wâlterswâld",,22
"WP1773","Wamel",,22
"WP2717","Wanneperveen",,22
"WP2085","Wanroij",,22
"WP1861","Wanssum",,22
"WP3210","Wânswert",,22
"WP2868","Wapenveld",,22
"WP3124","Wapse",,22
"WP3125","Wapserveen",,22
"WP1843","Warder",,22
"WP3486","Warffum",,22
"WP3427","Warfhuizen",,22
"WP3316","Warfstermolen",,22
"WP3294","Warmenhuizen",,22
"WP3542","Warmond",,22
"WP1971","Warns",,22
"WP1396","Warnsveld",,22
"WP2540","Warstiens",,22
"WP2541","Warten",,22
"WP1765","Waskemeer",,22
"WP2598","Waspik",,22
"WP1821","Wassenaar",,22
"WP3126","Wateren",,22
"WP1945","Watergang",,22
"WP1022","Waterhuizen",,22
"WP2664","Wateringen",,22
"WP2963","Waterlandkerkje",,22
"WP3551","Waverveen",,22
"WP2236","Wedde",,22
"WP2789","De Weere",,22
"WP1417","Weerselo",,22
"WP1974","Weert",,22
"WP3631","Weesp",,22
"WP3428","Wehe-den Hoorn",,22
"WP3248","Wehl",,22
"WP2032","Weidum",,22
"WP2000","Weiteveen",,22
"WP2771","Wekerom",,22
"WP1632","Well",,22
"WP1124","Well L",,22
"WP1125","Wellerlooi",,22
"WP1382","Welsum",,22
"WP1470","Wemeldinge",,22
"WP3561","Wenum Wiesel",,22
"WP2539","Wergea",,22
"WP2218","Werkendam",,22
"WP2605","Werkhoven",,22
"WP3491","Wernhout",,22
"WP3565","Wervershoof",,22
"WP1381","Wesepe",,22
"WP1919","Wessem",,22
"WP2172","Westbeemster",,22
"WP2939","Westbroek",,22
"WP1802","Westdorp",,22
"WP1138","Westdorpe",,22
"WP1575","Westendorp",,22
"WP2086","Westerbeek",,22
"WP3025","Westerbork",,22
"WP1023","Westerbroek",,22
"WP3273","De Westereen",,22
"WP3455","Westeremden",,22
"WP3317","Westergeest",,22
"WP3327","Westerhaar-Vriezenveensewijk",,22
"WP1460","Westerhoven",,22
"WP1490","Westerland",,22
"WP1900","Westerlee",,22
"WP3429","Westernieland",,22
"WP1652","Westervelde",,22
"WP1936","Westervoort",,22
"WP3456","Westerwijtwerd",,22
"WP1908","West-Graftdijk",,22
"WP2424","Westhem",,22
"WP3329","Westhoek",,22
"WP2785","Westkapelle",,22
"WP1881","Westknollendam",,22
"WP2385","Westmaas",,22
"WP2625","West-Terschelling",,22
"WP1513","Westwoud",,22
"WP1882","Westzaan",,22
"WP2718","Wetering",,22
"WP1606","Weteringbrug",,22
"WP3413","Wetsens",,22
"WP2474","Wetsinge",,22
"WP2750","Weurt",,22
"WP3073","Wezep",,22
"WP2166","Wezup",,22
"WP2167","Wezuperbrug",,22
"WP3572","Wichmond",,22
"WP2734","Wier",,22
"WP1087","Wierden",,22
"WP3187","Wieringerwaard",,22
"WP2436","Wieringerwerf",,22
"WP3414","Wierum",,22
"WP2564","Wijchen",,22
"WP1686","Wijckel",,22
"WP1514","Wijdenes",,22
"WP2288","Wijdewormer",,22
"WP1380","Wijhe",,22
"WP3162","de Wijk",,22
"WP3552","Wijk aan Zee",,22
"WP1302","Wijk bij Duurstede",,22
"WP1957","Wijk en Aalburg",,22
"WP1236","Wijlre",,22
"WP2893","Wijnaldum",,22
"WP2361","Wijnandsrade",,22
"WP2212","Wijnbergen",,22
"WP1986","Wijngaarden",,22
"WP3358","Wijnjewoude",,22
"WP3026","Wijster",,22
"WP1979","Wilbertoord",,22
"WP1241","Wildervank",,22
"WP3278","De Wilgen",,22
"WP1827","Wilhelminadorp",,22
"WP3127","Wilhelminaoord",,22
"WP2719","Willemsoord",,22
"WP1317","Willemstad",,22
"WP1931","Wilnis",,22
"WP2613","Wilp",,22
"WP2260","De Wilp",,22
"WP2898","Wilsum",,22
"WP2920","Winde",,22
"WP2820","Windraak",,22
"WP2521","Winkel",,22
"WP1836","Winneweer",,22
"WP1471","Winschoten",,22
"WP2753","Winssen",,22
"WP2033","Winsum",,22
"WP2475","Winsum",,22
"WP2997","Wintelre",,22
"WP1478","Winterswijk",,22
"WP1486","Winterswijk Brinkheurne",,22
"WP1487","Winterswijk Corle",,22
"WP1485","Winterswijk Henxel",,22
"WP1480","Winterswijk Huppel",,22
"WP1482","Winterswijk Kotten",,22
"WP1479","Winterswijk Meddo",,22
"WP1484","Winterswijk Miste",,22
"WP1481","Winterswijk Ratum",,22
"WP1483","Winterswijk Woold",,22
"WP3457","Wirdum",,22
"WP3545","Wirdum",,22
"WP3191","Wissenkerke",,22
"WP2556","Witharen",,22
"WP2325","Witmarsum",,22
"WP2720","Witte Paarden",,22
"WP3128","Wittelte",,22
"WP1233","Wittem",,22
"WP3027","Witteveen",,22
"WP2034","Wiuwert",,22
"WP2035","Wjelsryp",,22
"WP1004","Woensdrecht",,22
"WP1071","Woerden",,22
"WP2669","Woerdense Verlaat",,22
"WP3158","Wognum",,22
"WP3245","Woldendorp",,22
"WP2989","Wolfheze",,22
"WP1828","Wolphaartsdijk",,22
"WP2425","Wolsum",,22
"WP1833","Woltersum",,22
"WP1744","Wolvega",,22
"WP2036","Wommels",,22
"WP2326","Wons",,22
"WP1965","Workum",,22
"WP2287","Wormer",,22
"WP1883","Wormerveer",,22
"WP3043","Woubrugge",,22
"WP1361","Woudbloem",,22
"WP2269","de Woude",,22
"WP2523","Woudenberg",,22
"WP3306","Woudrichem",,22
"WP2426","Woudsend",,22
"WP1589","Wouw",,22
"WP1592","Wouwse Plantage",,22
"WP2442","Wyns",,22
"WP1206","Wytgaard",,22
"WP2921","Yde",,23
"WP3467","Yerseke",,23
"WP2427","Ypecolsga",,23
"WP3592","Ysbrechtum",,23
"WP2338","Ysselsteyn",,23
"WP1139","Zaamslag",,24
"WP1884","Zaandam",,24
"WP1885","Zaandijk",,24
"WP2897","Zalk",,24
"WP2636","Zaltbommel",,24
"WP2758","'t Zand",,24
"WP1803","Zandberg",,24
"WP3487","Zandeweer",,24
"WP1745","Zandhuizen",,24
"WP2001","Zandpol",,24
"WP3458","'t Zandt",,24
"WP1305","Zandvoort",,24
"WP2213","Zeddam",,24
"WP2922","Zeegse",,24
"WP1850","Zeeland",,24
"WP3459","Zeerijp",,24
"WP1075","Zeewolde",,24
"WP2585","Zegge",,24
"WP1074","Zegveld",,24
"WP2923","Zeijen",,24
"WP2396","Zeijerveen",,24
"WP2397","Zeijerveld",,24
"WP2821","Zeist",,24
"WP3574","Zelhem",,24
"WP3571","Zenderen",,24
"WP2558","Zennewijnen",,24
"WP3369","Zennewijnen",,24
"WP1873","Zetten",,24
"WP1297","Zevenaar",,24
"WP1323","Zevenbergen",,24
"WP1327","Zevenbergschen Hoek",,24
"WP2580","Zevenbergschen Hoek",,24
"WP2671","Zevenhoven",,24
"WP1213","Zevenhuizen",,24
"WP2346","Zevenhuizen",,24
"WP2689","Zierikzee",,24
"WP2229","Zieuwent",,24
"WP2844","Zijderveld",,24
"WP2522","Zijdewind",,24
"WP3460","Zijldijk",,24
"WP1928","De Zilk",,24
"WP3384","Zoelen",,24
"WP3385","Zoelmond",,24
"WP2293","Zoetermeer",,24
"WP2644","Zoeterwoude",,24
"WP2690","Zonnemaire",,24
"WP3129","Zorgvlied",,24
"WP2786","Zoutelande",,24
"WP3430","Zoutkamp",,24
"WP2889","Zuid-Beijerland",,24
"WP2280","Zuidbroek",,24
"WP1140","Zuiddorpe",,24
"WP1192","Zuidermeer",,24
"WP1948","Zuiderwoude",,24
"WP2128","Zuidhorn",,24
"WP2925","Zuidlaarderveen",,24
"WP1390","Zuidland",,24
"WP2913","Zuidlaren",,24
"WP2173","Zuidoostbeemster",,24
"WP1117","Zuid-Scharwoude",,24
"WP1892","Zuidschermer",,24
"WP2721","Zuidveen",,24
"WP3028","Zuidveld",,24
"WP1653","Zuidvelde",,24
"WP2832","Zuidwolde",,24
"WP3172","Zuidwolde",,24
"WP2972","Zuidzande",,24
"WP2637","Zuilichem",,24
"WP1091","Zuna",,24
"WP3489","Zundert",,24
"WP2327","Zurich",,24
"WP1395","Zutphen",,24
"WP3431","Zuurdijk",,24
"WP2463","Zwaag",,24
"WP1107","Zwaagdijk-Oost",,24
"WP3159","Zwaagdijk-West",,24
"WP1611","Zwaanshoek",,24
"WP3318","Zwagerbosch",,24
"WP1081","Zwammerdam",,24
"WP1614","Zwanenburg",,24
"WP3600","Zwartebroek",,24
"WP2002","Zwartemeer",,24
"WP2370","Zwartewaal",,24
"WP2201","Zwartsluis",,24
"WP2168","Zweeloo",,24
"WP1367","Zweins",,24
"WP3029","Zwiggelte",,24
"WP2399","Zwijndrecht",,24
"WP2169","Zwinderen",,24
"WP1182","Zwolle",,24
